None,mdate,open_d,high_d,low_d,close_d,volume
0,2020-01-02,332.5,339.0,332.5,339.0,33282.12
1,2020-01-03,344.0,345.0,335.5,339.5,42023.268
2,2020-01-06,333.0,334.5,332.0,332.0,45677.057
3,2020-01-07,332.5,333.0,326.5,329.5,51746.181
4,2020-01-08,325.0,333.0,325.0,329.5,37913.748
5,2020-01-09,335.0,337.5,333.5,337.5,32397.504
6,2020-01-10,340.5,341.0,336.0,339.5,27880.115
7,2020-01-13,342.0,342.0,339.0,341.5,30663.332
8,2020-01-14,345.5,346.0,344.5,346.0,30368.993
9,2020-01-15,345.0,345.0,337.5,340.0,54575.274
10,2020-01-16,330.0,336.5,330.0,334.5,58217.42
11,2020-01-17,334.0,335.5,332.0,333.0,53908.097
12,2020-01-20,334.0,335.5,333.0,333.0,35551.203
13,2020-01-30,326.0,326.0,316.5,316.5,126820.049
14,2020-01-31,323.0,323.5,319.0,320.0,62912.055
15,2020-02-03,315.0,316.5,312.0,315.0,59711.849
16,2020-02-04,319.0,326.0,318.0,325.0,52208.496
17,2020-02-05,329.0,329.5,324.5,327.5,36601.453
18,2020-02-06,329.5,332.5,329.0,332.5,29659.094
19,2020-02-07,330.0,330.5,326.0,328.0,30055.327
20,2020-02-10,321.5,328.0,321.0,327.5,30814.424
21,2020-02-11,330.5,332.5,330.0,331.5,29062.935
22,2020-02-12,333.5,336.0,333.0,335.0,37612.639
23,2020-02-13,338.0,338.0,335.0,335.0,23217.021
24,2020-02-14,337.0,337.0,334.5,335.0,18326.683
25,2020-02-17,331.5,333.0,330.5,331.5,16145.079
26,2020-02-18,324.5,326.5,322.0,322.0,64662.604
27,2020-02-19,322.5,327.0,322.0,326.5,48856.218
28,2020-02-20,328.0,329.0,325.0,325.5,27061.736
29,2020-02-21,325.5,326.5,323.0,325.0,22974.534
30,2020-02-24,319.5,321.5,319.5,320.0,42946.68
31,2020-02-25,320.0,323.5,317.5,322.0,38674.011
32,2020-02-26,317.0,320.5,316.5,318.5,60768.362
33,2020-02-27,319.0,320.0,315.0,316.0,62401.927
34,2020-03-02,308.0,317.0,308.0,311.0,86372.942
35,2020-03-03,318.5,320.0,316.0,317.5,55169.411
36,2020-03-04,322.0,322.0,317.0,320.5,44745.146
37,2020-03-05,325.0,326.0,323.0,323.0,38223.525
38,2020-03-06,320.0,320.5,315.0,315.0,52807.76
39,2020-03-09,307.5,310.0,305.5,305.5,88633.277
40,2020-03-10,301.5,309.0,301.0,307.0,74869.13
41,2020-03-11,309.0,310.5,302.0,302.0,64923.71
42,2020-03-12,299.0,299.0,287.0,294.0,114173.351
43,2020-03-13,275.0,294.0,272.5,290.0,151268.148
44,2020-03-16,285.0,291.0,275.5,276.5,103933.228
45,2020-03-17,265.0,276.5,265.0,268.0,122409.651
46,2020-03-18,269.5,272.5,260.0,260.0,118620.643
47,2020-03-19,252.0,253.0,235.5,248.0,160811.697
48,2020-03-20,258.5,270.0,256.0,270.0,159179.726
49,2020-03-23,257.0,262.5,252.0,255.0,76963.709
50,2020-03-24,268.0,274.0,266.0,267.5,82377.933
51,2020-03-25,276.5,280.0,274.0,277.0,80514.199
52,2020-03-26,279.5,280.0,275.5,280.0,54189.633
53,2020-03-27,284.0,286.0,273.0,273.0,69320.306
54,2020-03-30,263.5,269.0,262.5,267.5,53403.956
55,2020-03-31,273.0,274.0,269.5,274.0,53901.923
56,2020-04-01,276.5,276.5,271.5,271.5,47572.034
57,2020-04-06,273.0,275.5,270.0,275.5,59712.754
58,2020-04-07,283.5,284.0,280.5,283.0,48887.346
59,2020-04-08,285.0,285.5,283.0,285.0,38698.826
60,2020-04-09,287.5,288.0,282.5,283.0,29276.43
61,2020-04-10,280.0,282.0,279.0,279.5,28206.858
62,2020-04-13,278.5,281.5,278.5,278.5,22196.596
63,2020-04-14,281.0,285.5,280.0,285.0,50196.688
64,2020-04-15,287.0,288.5,286.0,287.5,58561.434
65,2020-04-16,283.0,288.5,283.0,286.5,48257.28
66,2020-04-17,303.5,308.5,300.5,306.5,117447.201
67,2020-04-20,308.0,309.0,302.5,304.0,44586.86
68,2020-04-21,300.5,301.5,293.5,295.0,61949.357
69,2020-04-22,294.5,295.0,290.5,294.0,43568.58
70,2020-04-23,300.0,300.0,294.0,295.5,39977.278
71,2020-04-24,295.5,297.0,294.0,294.0,26465.09
72,2020-04-27,298.0,298.5,296.0,298.0,38493.406
73,2020-04-28,298.5,298.5,294.5,296.5,37621.165
74,2020-04-29,299.0,301.5,298.0,299.0,46253.301
75,2020-04-30,302.0,305.0,301.5,304.5,58439.085
76,2020-05-04,294.5,296.5,294.0,295.0,72252.861
77,2020-05-05,296.5,298.0,295.0,295.5,23988.405
78,2020-05-06,294.5,296.0,292.5,296.0,35704.479
79,2020-05-07,294.5,299.0,294.5,297.5,28017.198
80,2020-05-08,300.0,300.0,296.0,297.5,35613.893
81,2020-05-11,300.0,301.5,298.5,301.0,32379.019
82,2020-05-12,297.5,298.5,295.0,295.0,52494.788
83,2020-05-13,293.0,297.0,292.5,297.0,46158.418
84,2020-05-14,293.0,295.0,292.5,293.0,34480.948
85,2020-05-15,297.5,298.5,294.5,298.0,44304.804
86,2020-05-18,291.0,293.5,290.0,290.0,96872.065
87,2020-05-19,294.0,294.0,291.5,291.5,53083.214
88,2020-05-20,293.0,294.0,291.0,294.0,36789.994
89,2020-05-21,296.0,298.0,295.0,297.5,36299.468
90,2020-05-22,294.5,295.0,291.0,292.0,41138.923
91,2020-05-25,290.5,293.0,288.5,292.0,32942.223
92,2020-05-26,295.0,297.5,293.5,295.5,35817.481
93,2020-05-27,297.0,298.0,295.5,296.5,23375.959
94,2020-05-28,298.5,298.5,293.0,294.0,32395.568
95,2020-05-29,292.0,292.5,290.0,292.0,96611.181
96,2020-06-01,294.0,296.5,293.5,295.5,37936.214
97,2020-06-02,296.0,297.5,296.0,296.5,26663.587
98,2020-06-03,300.0,301.0,298.0,301.0,67894.337
99,2020-06-04,305.0,306.0,304.0,306.0,47225.322
100,2020-06-05,308.5,312.0,308.0,311.5,44077.262
101,2020-06-08,316.0,319.0,315.0,318.0,52042.921
102,2020-06-09,316.5,319.0,314.0,319.0,37068.082
103,2020-06-10,319.0,324.0,318.0,322.5,42207.259
104,2020-06-11,325.5,327.0,318.5,320.5,50612.255
105,2020-06-12,313.0,317.5,312.5,316.0,46970.918
106,2020-06-15,316.0,317.5,308.5,309.5,51032.404
107,2020-06-16,317.0,317.0,314.0,315.0,40725.216
108,2020-06-17,316.5,317.0,313.5,315.0,34692.968
109,2020-06-18,314.5,315.0,313.0,314.5,35443.474
110,2020-06-19,314.0,314.5,312.0,314.5,48130.28
111,2020-06-22,314.5,316.5,312.0,312.0,37374.616
112,2020-06-23,316.0,316.5,312.5,315.0,41300.084
113,2020-06-24,319.0,320.0,316.0,317.5,55464.024
114,2020-06-29,314.0,315.0,310.0,312.0,56672.892
115,2020-06-30,313.5,314.0,311.0,313.0,49241.86
116,2020-07-01,315.0,318.0,314.0,317.5,29685.342
117,2020-07-02,319.0,322.0,318.0,322.0,37789.178
118,2020-07-03,327.0,330.5,326.5,329.5,55656.987
119,2020-07-06,332.5,338.0,332.0,338.0,57256.22
120,2020-07-07,343.5,346.0,338.0,338.5,59046.323
121,2020-07-08,337.5,342.5,337.5,341.0,33813.218
122,2020-07-09,346.0,347.0,343.0,345.0,37410.376
123,2020-07-10,352.5,353.0,345.5,348.5,60902.108
124,2020-07-13,351.0,354.5,350.5,354.5,49459.523
125,2020-07-14,355.0,364.0,354.5,363.5,63030.15
126,2020-07-15,366.0,370.0,361.0,363.0,75105.362
127,2020-07-16,359.0,361.0,353.5,357.5,68582.512
128,2020-07-17,361.0,369.0,360.0,367.0,66403.485
129,2020-07-20,370.0,370.0,362.5,366.0,44940.238
130,2020-07-21,372.5,387.0,371.5,383.0,64440.128
131,2020-07-22,381.0,386.0,379.0,384.0,43959.67
132,2020-07-23,382.0,383.0,379.0,381.5,45397.282
133,2020-07-24,390.0,395.0,382.0,386.0,90988.734
134,2020-07-27,420.5,424.5,416.5,424.5,103315.64
135,2020-07-28,464.0,466.5,428.5,435.0,172157.746
136,2020-07-29,428.0,431.5,419.5,422.0,88641.166
137,2020-07-30,436.5,441.0,428.5,434.0,69936.949
138,2020-07-31,426.0,432.0,425.5,425.5,50484.674
139,2020-08-03,420.5,424.0,415.0,416.0,77288.571
140,2020-08-04,421.5,425.5,418.5,425.5,41697.445
141,2020-08-05,430.5,433.5,426.0,429.0,47460.834
142,2020-08-06,437.5,438.0,431.0,435.0,43443.627
143,2020-08-07,433.5,434.0,428.0,433.0,37611.388
144,2020-08-10,427.5,437.5,427.5,435.5,36067.5
145,2020-08-11,432.0,435.0,429.0,429.0,34545.313
146,2020-08-12,422.0,423.5,419.0,419.0,53980.474
147,2020-08-13,428.0,429.0,424.5,429.0,45669.335
148,2020-08-14,424.0,428.0,423.0,427.0,24259.947
149,2020-08-17,427.0,435.0,425.5,435.0,34607.731
150,2020-08-18,440.0,440.5,432.0,433.0,45504.16
151,2020-08-19,436.0,436.5,427.5,427.5,31486.8
152,2020-08-20,427.0,427.5,401.0,415.0,75155.235
153,2020-08-21,421.5,427.0,420.0,424.5,41956.467
154,2020-08-24,427.5,434.5,425.0,428.0,49199.406
155,2020-08-25,433.5,436.0,430.5,434.5,37024.899
156,2020-08-26,435.5,442.0,435.0,442.0,41406.34
157,2020-08-27,448.0,453.5,444.0,444.0,57206.712
158,2020-08-28,440.0,440.5,431.0,435.0,57039.21
159,2020-08-31,437.0,439.5,426.5,426.5,88569.538
160,2020-09-01,430.0,435.0,428.0,435.0,50129.577
161,2020-09-02,441.0,441.0,430.5,433.0,42013.407
162,2020-09-03,439.5,439.5,433.5,436.0,40683.617
163,2020-09-04,427.0,432.5,427.0,429.0,51349.911
164,2020-09-07,428.0,432.5,425.0,426.0,39854.584
165,2020-09-08,428.0,433.0,427.5,431.0,23714.67
166,2020-09-09,425.0,428.0,423.0,427.0,40727.362
167,2020-09-10,432.5,435.0,430.5,435.0,35281.921
168,2020-09-11,435.5,436.5,432.5,436.5,34893.469
169,2020-09-14,436.0,442.0,435.5,441.0,39325.833
170,2020-09-15,440.5,447.0,439.5,445.0,39661.449
171,2020-09-16,460.0,462.0,455.5,458.0,70608.238
172,2020-09-17,453.0,455.0,446.5,448.5,44420.506
173,2020-09-18,447.0,449.5,443.0,444.0,52999.922
174,2020-09-21,443.5,450.0,440.0,440.0,40193.92
175,2020-09-22,440.0,441.0,436.0,437.0,36842.639
176,2020-09-23,436.0,438.5,432.0,433.5,47426.963
177,2020-09-24,425.5,429.0,423.0,423.0,82510.381
178,2020-09-25,427.0,428.0,421.0,424.0,41263.269
179,2020-09-28,427.0,431.5,424.5,431.5,34427.479
180,2020-09-29,432.5,435.0,428.0,431.0,42730.502
181,2020-09-30,430.5,435.0,430.5,433.0,28859.204
182,2020-10-05,438.0,438.0,431.5,432.5,33238.832
183,2020-10-06,441.5,442.0,437.5,439.5,36276.395
184,2020-10-07,435.0,445.0,435.0,443.0,44691.239
185,2020-10-08,450.0,454.0,448.5,453.0,60853.811
186,2020-10-12,458.0,462.0,457.5,460.0,67645.223
187,2020-10-13,465.0,465.0,456.5,462.0,46303.738
188,2020-10-14,460.5,461.0,457.0,459.0,52677.241
189,2020-10-15,456.0,456.5,450.0,453.0,49987.278
190,2020-10-16,451.0,456.0,448.5,449.0,48274.801
191,2020-10-19,453.0,457.5,451.0,457.5,34846.906
192,2020-10-20,455.5,457.0,451.0,451.0,26567.638
193,2020-10-21,453.5,456.0,451.0,453.0,29906.921
194,2020-10-22,450.0,455.0,449.5,455.0,25285.547
195,2020-10-23,458.0,458.0,451.5,452.0,18777.385
196,2020-10-26,455.0,455.0,450.0,450.0,15800.622
197,2020-10-27,447.5,448.5,445.5,447.0,31795.01
198,2020-10-28,445.0,447.0,443.0,444.0,26221.663
199,2020-10-29,436.5,439.5,435.5,437.0,43075.387
200,2020-10-30,437.0,437.0,432.0,432.0,49770.771
201,2020-11-02,433.0,435.5,428.0,435.5,34539.576
202,2020-11-03,439.5,443.0,438.0,441.0,31461.727
203,2020-11-04,444.5,451.5,443.0,450.0,37929.652
204,2020-11-05,451.5,451.5,445.5,451.0,36539.446
205,2020-11-06,455.0,455.5,450.0,452.5,32644.19
206,2020-11-09,458.0,460.0,454.0,458.5,43415.67
207,2020-11-10,452.0,454.5,448.5,451.0,36786.882
208,2020-11-11,448.5,457.0,448.5,457.0,40355.804
209,2020-11-12,463.0,463.5,457.5,458.0,57993.774
210,2020-11-13,459.0,462.0,456.5,462.0,31483.881
211,2020-11-16,470.0,484.5,469.0,484.0,83380.911
212,2020-11-17,502.0,506.0,485.5,485.5,75763.87
213,2020-11-18,490.0,497.0,486.5,497.0,56607.501
214,2020-11-19,499.0,499.0,490.0,490.0,47345.316
215,2020-11-20,486.0,490.0,486.0,488.0,35242.579
216,2020-11-23,494.5,498.5,492.0,496.5,43708.352
217,2020-11-24,499.5,500.0,491.5,492.0,38630.079
218,2020-11-25,495.0,495.5,487.0,487.0,47179.64
219,2020-11-26,489.0,493.5,488.0,489.0,31844.322
220,2020-11-27,487.5,492.0,486.5,489.0,35196.829
221,2020-11-30,493.0,493.5,480.5,480.5,149311.778
222,2020-12-01,489.5,490.0,483.5,490.0,38341.265
223,2020-12-02,499.5,500.0,493.5,499.0,60208.035
224,2020-12-03,499.5,499.5,495.0,497.0,36919.644
225,2020-12-04,498.5,505.0,497.5,503.0,54471.042
226,2020-12-07,512.0,515.0,506.0,514.0,45493.551
227,2020-12-08,514.0,525.0,509.0,524.0,41830.257
228,2020-12-09,521.0,524.0,520.0,520.0,46831.705
229,2020-12-10,511.0,515.0,510.0,512.0,43991.133
230,2020-12-11,517.0,517.0,505.0,516.0,51296.611
231,2020-12-14,512.0,513.0,508.0,508.0,30809.747
232,2020-12-15,507.0,510.0,504.0,504.0,43059.899
233,2020-12-16,509.0,515.0,507.0,512.0,53661.282
234,2020-12-17,515.0,515.0,508.0,508.0,39285.785
235,2020-12-18,508.0,512.0,507.0,510.0,40625.502
236,2020-12-21,512.0,517.0,508.0,516.0,35153.138
237,2020-12-22,512.0,516.0,509.0,509.0,25632.245
238,2020-12-23,508.0,511.0,506.0,509.0,18320.849
239,2020-12-24,511.0,512.0,508.0,510.0,15218.008
240,2020-12-25,514.0,515.0,510.0,511.0,12581.145
241,2020-12-28,512.0,515.0,509.0,515.0,19520.886
242,2020-12-29,515.0,517.0,513.0,515.0,20226.736
243,2020-12-30,516.0,525.0,514.0,525.0,46705.107
244,2020-12-31,526.0,530.0,524.0,530.0,31173.332
245,2021-01-04,530.0,540.0,528.0,536.0,39489.959
246,2021-01-05,536.0,542.0,535.0,542.0,34839.391
247,2021-01-06,555.0,555.0,541.0,549.0,55614.434
248,2021-01-07,554.0,570.0,553.0,565.0,53392.763
249,2021-01-08,580.0,580.0,571.0,580.0,62957.148
250,2021-01-11,577.0,584.0,574.0,584.0,52771.778
251,2021-01-12,583.0,597.0,582.0,591.0,52605.212
252,2021-01-13,595.0,605.0,593.0,605.0,75707.681
253,2021-01-14,587.0,597.0,587.0,592.0,90309.708
254,2021-01-15,621.0,625.0,601.0,601.0,100998.199
255,2021-01-18,608.0,608.0,594.0,607.0,50388.664
256,2021-01-19,618.0,632.0,613.0,627.0,52947.466
257,2021-01-20,633.0,650.0,631.0,647.0,95484.47
258,2021-01-21,640.0,679.0,640.0,673.0,97590.371
259,2021-01-22,649.0,665.0,649.0,649.0,134238.314
260,2021-01-25,642.0,646.0,626.0,633.0,98608.285
261,2021-01-26,632.0,640.0,610.0,617.0,114797.609
262,2021-01-27,618.0,625.0,611.0,615.0,72823.691
263,2021-01-28,600.0,608.0,598.0,601.0,104181.514
264,2021-01-29,619.0,619.0,591.0,591.0,96875.889
265,2021-02-01,595.0,612.0,587.0,611.0,70161.939
266,2021-02-02,629.0,638.0,622.0,632.0,80724.207
267,2021-02-03,638.0,642.0,630.0,630.0,59763.227
268,2021-02-04,626.0,632.0,620.0,627.0,47547.873
269,2021-02-05,638.0,641.0,631.0,632.0,57350.831
270,2021-02-17,663.0,668.0,660.0,663.0,115578.402
271,2021-02-18,664.0,665.0,656.0,660.0,54520.341
272,2021-02-19,656.0,657.0,647.0,652.0,51651.844
273,2021-02-22,660.0,662.0,650.0,650.0,39512.078
274,2021-02-23,641.0,643.0,633.0,641.0,52868.029
275,2021-02-24,627.0,636.0,625.0,625.0,80010.637
276,2021-02-25,636.0,636.0,628.0,635.0,45279.276
277,2021-02-26,611.0,618.0,606.0,606.0,137933.162
278,2021-03-02,621.0,622.0,609.0,609.0,57792.973
279,2021-03-03,609.0,622.0,601.0,622.0,61171.387
280,2021-03-04,609.0,611.0,601.0,601.0,75508.388
281,2021-03-05,588.0,605.0,584.0,601.0,85579.527
282,2021-03-08,608.0,610.0,598.0,598.0,47676.63
283,2021-03-09,585.0,595.0,585.0,595.0,74471.341
284,2021-03-10,601.0,601.0,593.0,597.0,41735.443
285,2021-03-11,596.0,612.0,595.0,609.0,55462.783
286,2021-03-12,615.0,618.0,609.0,614.0,33876.99
287,2021-03-15,614.0,614.0,609.0,611.0,29767.904
288,2021-03-16,610.0,613.0,607.0,613.0,37780.82
289,2021-03-17,612.0,612.0,602.0,604.0,43942.131
290,2021-03-18,606.0,609.0,602.0,602.0,30223.846
291,2021-03-19,594.0,598.0,591.0,591.0,74960.854
292,2021-03-22,588.0,598.0,586.0,593.0,35931.375
293,2021-03-23,597.0,603.0,593.0,594.0,31933.358
294,2021-03-24,571.0,582.0,571.0,576.0,115318.351
295,2021-03-25,572.0,581.0,570.0,575.0,74225.812
296,2021-03-26,582.0,592.0,580.0,590.0,37937.242
297,2021-03-29,599.0,602.0,596.0,599.0,40573.913
298,2021-03-30,600.0,600.0,592.0,597.0,34686.346
299,2021-03-31,596.0,597.0,587.0,587.0,44454.672
300,2021-04-01,598.0,602.0,594.0,602.0,45972.766
301,2021-04-06,615.0,616.0,608.0,610.0,37664.216
302,2021-04-07,614.0,614.0,608.0,610.0,28140.964
303,2021-04-08,606.0,613.0,603.0,613.0,26658.283
304,2021-04-09,618.0,618.0,609.0,610.0,31601.619
305,2021-04-12,612.0,613.0,603.0,605.0,23319.822
306,2021-04-13,604.0,613.0,604.0,605.0,27386.926
307,2021-04-14,608.0,612.0,600.0,612.0,31144.922
308,2021-04-15,612.0,619.0,607.0,619.0,36394.255
309,2021-04-16,610.0,611.0,603.0,610.0,49952.191
310,2021-04-19,605.0,607.0,601.0,603.0,25234.976
311,2021-04-20,598.0,602.0,595.0,602.0,36655.069
312,2021-04-21,599.0,599.0,592.0,592.0,41893.725
313,2021-04-22,596.0,598.0,591.0,591.0,38094.824
314,2021-04-23,592.0,602.0,590.0,602.0,29004.756
315,2021-04-26,605.0,610.0,603.0,610.0,32426.908
316,2021-04-27,608.0,611.0,605.0,610.0,26761.401
317,2021-04-28,606.0,608.0,601.0,602.0,24601.487
318,2021-04-29,609.0,609.0,600.0,600.0,35756.46
319,2021-05-03,595.0,597.0,588.0,588.0,46801.189
320,2021-05-04,588.0,594.0,582.0,591.0,45507.479
321,2021-05-05,594.0,594.0,585.0,585.0,31786.592
322,2021-05-06,590.0,590.0,580.0,587.0,33165.446
323,2021-05-07,594.0,600.0,589.0,599.0,28719.597
324,2021-05-10,596.0,597.0,588.0,589.0,21365.583
325,2021-05-11,579.0,580.0,570.0,571.0,66035.839
326,2021-05-12,567.0,571.0,518.0,560.0,138328.672
327,2021-05-13,547.0,563.0,541.0,547.0,71519.43
328,2021-05-14,556.0,562.0,552.0,557.0,38625.148
329,2021-05-17,544.0,558.0,541.0,549.0,58446.847
330,2021-05-18,563.0,573.0,555.0,572.0,44584.258
331,2021-05-19,571.0,572.0,565.0,567.0,29610.174
332,2021-05-20,567.0,571.0,560.0,567.0,36605.692
333,2021-05-21,572.0,577.0,568.0,573.0,28009.899
334,2021-05-24,570.0,572.0,566.0,568.0,15981.036
335,2021-05-25,576.0,584.0,573.0,583.0,35445.35
336,2021-05-26,587.0,588.0,581.0,585.0,19555.305
337,2021-05-27,580.0,582.0,573.0,582.0,70061.002
338,2021-05-28,587.0,592.0,582.0,590.0,30720.737
339,2021-05-31,595.0,597.0,590.0,597.0,31557.426
340,2021-06-01,598.0,599.0,595.0,598.0,18405.285
341,2021-06-02,600.0,600.0,593.0,595.0,22416.789
342,2021-06-03,600.0,600.0,596.0,596.0,31703.679
343,2021-06-04,591.0,595.0,590.0,595.0,16072.58
344,2021-06-07,594.0,595.0,583.0,592.0,17729.179
345,2021-06-08,590.0,595.0,588.0,589.0,14083.552
346,2021-06-09,586.0,588.0,583.0,586.0,21575.159
347,2021-06-10,591.0,599.0,587.0,599.0,29741.77
348,2021-06-11,602.0,603.0,600.0,602.0,24940.705
349,2021-06-15,607.0,609.0,606.0,609.0,30245.897
350,2021-06-16,608.0,608.0,605.0,605.0,28624.508
351,2021-06-17,601.0,606.0,598.0,606.0,26477.032
352,2021-06-18,608.0,608.0,601.0,603.0,42036.17
353,2021-06-21,590.0,594.0,583.0,583.0,47339.695
354,2021-06-22,585.0,588.0,578.0,578.0,30578.091
355,2021-06-23,583.0,598.0,581.0,595.0,36386.023
356,2021-06-24,598.0,598.0,588.0,590.0,19322.765
357,2021-06-25,598.0,598.0,589.0,591.0,19140.086
358,2021-06-28,590.0,590.0,586.0,590.0,15401.977
359,2021-06-29,598.0,598.0,591.0,595.0,30837.548
360,2021-06-30,599.0,599.0,595.0,595.0,34021.38
361,2021-07-01,596.0,597.0,591.0,593.0,18719.706
362,2021-07-02,590.0,593.0,587.0,588.0,19633.718
363,2021-07-05,588.0,597.0,588.0,591.0,30274.105
364,2021-07-06,595.0,596.0,589.0,592.0,13830.591
365,2021-07-07,590.0,594.0,588.0,594.0,17329.148
366,2021-07-08,595.0,595.0,588.0,588.0,21596.183
367,2021-07-09,582.0,585.0,580.0,584.0,30602.492
368,2021-07-12,595.0,597.0,590.0,593.0,33011.596
369,2021-07-13,600.0,608.0,599.0,607.0,54894.335
370,2021-07-14,613.0,615.0,608.0,613.0,39670.241
371,2021-07-15,613.0,614.0,608.0,614.0,23057.868
372,2021-07-16,591.0,595.0,588.0,589.0,61882.128
373,2021-07-19,583.0,584.0,578.0,582.0,43248.966
374,2021-07-20,579.0,584.0,579.0,581.0,16352.855
375,2021-07-21,586.0,586.0,580.0,585.0,26476.215
376,2021-07-22,589.0,594.0,587.0,591.0,27075.95
377,2021-07-23,592.0,592.0,583.0,585.0,15705.191
378,2021-07-26,591.0,591.0,580.0,580.0,22442.745
379,2021-07-27,581.0,584.0,580.0,580.0,18925.325
380,2021-07-28,576.0,579.0,573.0,579.0,39744.486
381,2021-07-29,585.0,585.0,577.0,583.0,25014.772
382,2021-07-30,581.0,582.0,578.0,580.0,26141.286
383,2021-08-02,583.0,590.0,580.0,590.0,24948.096
384,2021-08-03,594.0,594.0,590.0,594.0,28104.984
385,2021-08-04,598.0,598.0,594.0,596.0,23714.971
386,2021-08-05,598.0,598.0,593.0,596.0,15673.765
387,2021-08-06,596.0,596.0,588.0,591.0,13994.018
388,2021-08-09,590.0,595.0,583.0,595.0,17611.955
389,2021-08-10,596.0,596.0,589.0,591.0,17620.825
390,2021-08-11,590.0,590.0,585.0,590.0,20311.399
391,2021-08-12,586.0,588.0,584.0,586.0,16031.265
392,2021-08-13,585.0,585.0,579.0,581.0,25440.973
393,2021-08-16,582.0,586.0,578.0,584.0,19949.389
394,2021-08-17,580.0,582.0,578.0,580.0,31845.499
395,2021-08-18,568.0,575.0,566.0,574.0,47063.629
396,2021-08-19,573.0,573.0,559.0,559.0,42133.375
397,2021-08-20,560.0,563.0,551.0,552.0,47741.449
398,2021-08-23,560.0,572.0,559.0,566.0,34775.337
399,2021-08-24,574.0,575.0,571.0,572.0,27397.309
400,2021-08-25,579.0,585.0,574.0,585.0,28867.651
401,2021-08-26,601.0,603.0,591.0,594.0,45027.32
402,2021-08-27,596.0,600.0,593.0,599.0,29459.532
403,2021-08-30,602.0,605.0,599.0,605.0,40606.821
404,2021-08-31,604.0,614.0,598.0,614.0,58916.407
405,2021-09-01,614.0,614.0,608.0,613.0,31242.788
406,2021-09-02,613.0,615.0,607.0,607.0,26715.492
407,2021-09-03,610.0,620.0,610.0,620.0,53915.006
408,2021-09-06,623.0,638.0,621.0,631.0,59223.061
409,2021-09-07,634.0,634.0,623.0,623.0,27422.775
410,2021-09-08,622.0,627.0,612.0,619.0,38713.621
411,2021-09-09,612.0,620.0,610.0,619.0,19309.522
412,2021-09-10,615.0,623.0,614.0,622.0,16740.439
413,2021-09-13,619.0,620.0,613.0,615.0,15809.768
414,2021-09-14,618.0,618.0,612.0,613.0,16024.935
415,2021-09-15,610.0,613.0,607.0,607.0,26041.452
416,2021-09-16,603.0,607.0,599.0,600.0,23315.04
417,2021-09-17,600.0,610.0,599.0,600.0,42383.815
418,2021-09-22,586.0,589.0,583.0,586.0,42732.169
419,2021-09-23,588.0,593.0,588.0,588.0,22736.266
420,2021-09-24,591.0,598.0,590.0,598.0,17302.848
421,2021-09-27,600.0,602.0,593.0,602.0,20034.221
422,2021-09-28,595.0,596.0,592.0,594.0,17325.896
423,2021-09-29,580.0,583.0,577.0,580.0,51834.124
424,2021-09-30,580.0,585.0,575.0,580.0,36318.623
425,2021-10-01,579.0,579.0,571.0,574.0,39006.124
426,2021-10-04,574.0,575.0,569.0,572.0,22288.138
427,2021-10-05,562.0,572.0,560.0,572.0,36063.65
428,2021-10-06,573.0,574.0,565.0,571.0,33989.379
429,2021-10-07,575.0,582.0,572.0,580.0,28480.4
430,2021-10-08,582.0,583.0,573.0,575.0,22601.904
431,2021-10-12,570.0,575.0,564.0,575.0,27126.088
432,2021-10-13,572.0,575.0,570.0,571.0,19267.437
433,2021-10-14,579.0,579.0,573.0,573.0,14270.641
434,2021-10-15,592.0,600.0,586.0,600.0,55305.252
435,2021-10-18,604.0,604.0,590.0,590.0,19753.943
436,2021-10-19,598.0,600.0,593.0,600.0,18709.936
437,2021-10-20,603.0,604.0,597.0,598.0,17537.878
438,2021-10-21,602.0,603.0,595.0,596.0,16882.324
439,2021-10-22,600.0,602.0,594.0,600.0,14236.279
440,2021-10-25,597.0,597.0,590.0,593.0,17724.968
441,2021-10-26,595.0,600.0,593.0,599.0,27047.187
442,2021-10-27,598.0,599.0,594.0,599.0,16260.278
443,2021-10-28,598.0,598.0,591.0,595.0,16927.154
444,2021-10-29,595.0,596.0,589.0,590.0,27684.673
445,2021-11-01,591.0,593.0,590.0,590.0,17110.357
446,2021-11-02,594.0,597.0,590.0,592.0,16544.999
447,2021-11-03,597.0,597.0,592.0,592.0,11404.984
448,2021-11-04,592.0,594.0,585.0,587.0,18345.245
449,2021-11-05,598.0,600.0,595.0,600.0,34158.799
450,2021-11-08,600.0,602.0,598.0,602.0,20886.897
451,2021-11-09,611.0,617.0,610.0,611.0,42340.785
452,2021-11-10,611.0,612.0,608.0,612.0,18518.512
453,2021-11-11,600.0,606.0,600.0,606.0,20257.792
454,2021-11-12,610.0,611.0,602.0,604.0,21373.014
455,2021-11-15,609.0,611.0,607.0,608.0,17140.935
456,2021-11-16,612.0,612.0,608.0,610.0,21776.308
457,2021-11-17,615.0,615.0,608.0,610.0,21829.653
458,2021-11-18,613.0,614.0,607.0,613.0,22933.191
459,2021-11-19,622.0,623.0,617.0,618.0,38847.82
460,2021-11-22,618.0,618.0,615.0,615.0,23296.854
461,2021-11-23,615.0,615.0,611.0,612.0,20022.52
462,2021-11-24,612.0,612.0,602.0,603.0,22978.524
463,2021-11-25,605.0,607.0,601.0,603.0,14171.433
464,2021-11-26,598.0,601.0,592.0,596.0,27882.175
465,2021-11-29,594.0,598.0,591.0,593.0,24160.615
466,2021-11-30,597.0,600.0,591.0,596.0,69160.408
467,2021-12-01,596.0,603.0,594.0,600.0,30119.408
468,2021-12-02,605.0,615.0,602.0,615.0,48720.976
469,2021-12-03,614.0,614.0,606.0,608.0,27571.974
470,2021-12-06,603.0,609.0,600.0,600.0,24474.913
471,2021-12-07,602.0,607.0,597.0,607.0,21105.883
472,2021-12-08,614.0,614.0,602.0,602.0,22194.708
473,2021-12-09,606.0,608.0,602.0,608.0,12467.833
474,2021-12-10,605.0,608.0,602.0,605.0,11371.659
475,2021-12-13,609.0,610.0,601.0,601.0,17994.933
476,2021-12-14,598.0,600.0,597.0,599.0,22997.961
477,2021-12-15,597.0,601.0,596.0,600.0,22419.04
478,2021-12-16,605.0,605.0,601.0,605.0,22151.282
479,2021-12-17,601.0,607.0,599.0,607.0,30319.495
480,2021-12-20,607.0,607.0,598.0,598.0,22381.761
481,2021-12-21,597.0,600.0,595.0,597.0,17669.559
482,2021-12-22,598.0,601.0,598.0,600.0,10127.887
483,2021-12-23,607.0,608.0,602.0,606.0,16910.501
484,2021-12-24,606.0,609.0,604.0,604.0,12008.673
485,2021-12-27,604.0,610.0,604.0,606.0,16771.9
486,2021-12-28,610.0,615.0,610.0,615.0,35156.339
487,2021-12-29,615.0,619.0,614.0,616.0,25604.32
488,2021-12-30,619.0,620.0,615.0,615.0,20522.055
489,2022-01-03,619.0,632.0,618.0,631.0,73703.302
490,2022-01-04,645.0,656.0,644.0,656.0,90945.643
491,2022-01-05,669.0,669.0,646.0,650.0,72505.55
492,2022-01-06,638.0,646.0,636.0,644.0,57490.736
493,2022-01-07,643.0,646.0,632.0,634.0,39847.766
494,2022-01-10,628.0,645.0,627.0,643.0,39286.754
495,2022-01-11,646.0,651.0,639.0,651.0,36186.544
496,2022-01-12,657.0,660.0,650.0,660.0,40832.298
497,2022-01-13,658.0,662.0,655.0,661.0,39172.028
498,2022-01-14,673.0,673.0,661.0,672.0,98768.193
499,2022-01-17,685.0,688.0,678.0,683.0,63828.552
500,2022-01-18,678.0,681.0,662.0,662.0,48802.321
501,2022-01-19,652.0,660.0,651.0,654.0,44092.247
502,2022-01-20,650.0,657.0,646.0,651.0,48996.473
503,2022-01-21,644.0,646.0,637.0,641.0,53966.101
504,2022-01-24,639.0,655.0,637.0,653.0,48665.203
505,2022-01-25,643.0,645.0,638.0,641.0,53927.064
506,2022-01-26,635.0,641.0,635.0,636.0,33093.553
507,2022-02-07,644.0,644.0,631.0,635.0,64637.049
508,2022-02-08,645.0,645.0,628.0,628.0,43786.259
509,2022-02-09,635.0,637.0,630.0,633.0,33633.394
510,2022-02-10,639.0,649.0,637.0,649.0,37388.892
511,2022-02-11,646.0,650.0,642.0,650.0,28194.682
512,2022-02-14,640.0,641.0,635.0,637.0,39394.67
513,2022-02-15,633.0,639.0,633.0,633.0,24497.955
514,2022-02-16,645.0,646.0,640.0,646.0,27395.771
515,2022-02-17,644.0,646.0,641.0,645.0,20447.347
516,2022-02-18,638.0,639.0,636.0,637.0,21948.975
517,2022-02-21,633.0,636.0,632.0,632.0,25769.408
518,2022-02-22,628.0,630.0,625.0,627.0,38526.21
519,2022-02-23,624.0,629.0,623.0,625.0,34561.338
520,2022-02-24,618.0,619.0,604.0,604.0,80672.979
521,2022-02-25,600.0,609.0,600.0,604.0,94155.943
522,2022-03-01,599.0,610.0,599.0,604.0,70303.88
523,2022-03-02,601.0,605.0,600.0,601.0,42428.151
524,2022-03-03,603.0,607.0,601.0,602.0,37103.932
525,2022-03-04,595.0,597.0,592.0,595.0,65235.167
526,2022-03-07,580.0,581.0,575.0,576.0,97167.6
527,2022-03-08,561.0,570.0,561.0,563.0,88371.413
528,2022-03-09,567.0,573.0,567.0,568.0,57512.412
529,2022-03-10,585.0,589.0,582.0,587.0,49092.145
530,2022-03-11,581.0,582.0,574.0,575.0,42981.381
531,2022-03-14,574.0,577.0,572.0,572.0,38562.552
532,2022-03-15,562.0,563.0,558.0,558.0,84338.792
533,2022-03-16,564.0,565.0,555.0,558.0,50764.807
534,2022-03-17,578.0,583.0,575.0,582.0,65820.899
535,2022-03-18,582.0,582.0,576.0,581.0,49583.448
536,2022-03-21,583.0,589.0,583.0,586.0,22800.165
537,2022-03-22,577.0,586.0,577.0,583.0,23421.124
538,2022-03-23,590.0,590.0,586.0,590.0,27475.008
539,2022-03-24,587.0,592.0,585.0,591.0,20769.676
540,2022-03-25,597.0,598.0,595.0,598.0,26794.684
541,2022-03-28,581.0,586.0,580.0,584.0,27954.73
542,2022-03-29,586.0,589.0,584.0,589.0,15742.359
543,2022-03-30,599.0,600.0,597.0,600.0,43256.548
544,2022-03-31,602.0,602.0,594.0,597.0,25130.417
545,2022-04-01,585.0,589.0,584.0,589.0,31247.086
546,2022-04-06,578.0,580.0,575.0,578.0,40726.932
547,2022-04-07,571.0,573.0,566.0,566.0,47212.937
548,2022-04-08,567.0,570.0,566.0,567.0,31406.384
549,2022-04-11,563.0,566.0,558.0,558.0,41713.758
550,2022-04-12,554.0,564.0,552.0,557.0,34799.056
551,2022-04-13,564.0,576.0,563.0,573.0,36968.137
552,2022-04-14,577.0,578.0,573.0,573.0,20224.847
553,2022-04-15,562.0,566.0,561.0,562.0,33158.93
554,2022-04-18,559.0,566.0,558.0,561.0,16579.296
555,2022-04-19,566.0,569.0,563.0,565.0,18811.242
556,2022-04-20,570.0,570.0,562.0,570.0,28240.222
557,2022-04-21,571.0,571.0,565.0,565.0,21539.083
558,2022-04-22,558.0,559.0,557.0,558.0,35567.672
559,2022-04-25,550.0,552.0,546.0,547.0,49067.362
560,2022-04-26,550.0,551.0,544.0,546.0,39549.934
561,2022-04-27,530.0,532.0,526.0,526.0,65034.122
562,2022-04-28,530.0,532.0,523.0,531.0,50406.145
563,2022-04-29,547.0,547.0,535.0,538.0,39960.198
564,2022-05-03,538.0,540.0,530.0,531.0,29502.561
565,2022-05-04,533.0,537.0,530.0,534.0,17305.449
566,2022-05-05,543.0,544.0,539.0,542.0,22540.182
567,2022-05-06,528.0,531.0,526.0,528.0,34512.038
568,2022-05-09,523.0,524.0,520.0,520.0,27309.304
569,2022-05-10,506.0,519.0,505.0,518.0,44322.247
570,2022-05-11,518.0,526.0,518.0,521.0,28109.896
571,2022-05-12,516.0,518.0,505.0,505.0,35824.788
572,2022-05-13,507.0,514.0,506.0,511.0,30204.773
573,2022-05-16,521.0,524.0,518.0,520.0,22012.61
574,2022-05-17,521.0,533.0,520.0,530.0,25812.051
575,2022-05-18,541.0,541.0,534.0,538.0,33605.299
576,2022-05-19,523.0,527.0,520.0,522.0,40798.132
577,2022-05-20,524.0,532.0,523.0,530.0,26111.163
578,2022-05-23,533.0,534.0,528.0,528.0,18919.447
579,2022-05-24,530.0,531.0,520.0,520.0,19130.619
580,2022-05-25,522.0,529.0,520.0,524.0,22460.245
581,2022-05-26,523.0,525.0,513.0,514.0,31542.825
582,2022-05-27,524.0,530.0,522.0,530.0,30113.22
583,2022-05-30,538.0,547.0,537.0,547.0,36480.411
584,2022-05-31,542.0,560.0,540.0,560.0,81962.87
585,2022-06-01,550.0,555.0,548.0,549.0,32970.903
586,2022-06-02,544.0,545.0,540.0,540.0,26063.495
587,2022-06-06,541.0,544.0,538.0,540.0,23732.327
588,2022-06-07,535.0,538.0,532.0,535.0,22152.512
589,2022-06-08,539.0,545.0,538.0,544.0,19609.522
590,2022-06-09,538.0,542.0,537.0,541.0,16894.479
591,2022-06-10,530.0,533.0,529.0,530.0,22614.596
592,2022-06-13,518.0,519.0,515.0,516.0,36758.925
593,2022-06-14,507.0,514.0,507.0,513.0,38838.778
594,2022-06-15,508.0,515.0,508.0,509.0,38360.508
595,2022-06-16,515.0,516.0,507.0,508.0,31908.028
596,2022-06-17,499.5,503.0,499.0,501.0,48400.798
597,2022-06-20,500.0,502.0,495.0,498.0,36664.463
598,2022-06-21,501.0,505.0,499.0,505.0,34432.537
599,2022-06-22,501.0,503.0,494.5,494.5,33438.921
600,2022-06-23,492.0,493.5,485.0,485.5,46808.462
601,2022-06-24,489.5,492.5,485.5,486.5,29003.676
602,2022-06-27,496.0,506.0,495.5,498.5,38684.368
603,2022-06-28,496.0,500.0,496.0,497.5,16867.955
604,2022-06-29,496.0,498.5,491.0,491.0,33124.986
605,2022-06-30,484.5,486.5,476.0,476.0,49820.824
606,2022-07-01,471.5,474.0,452.5,453.5,72597.018
607,2022-07-04,443.0,451.5,440.0,440.0,61206.245
608,2022-07-05,449.5,451.5,433.0,446.0,55469.884
609,2022-07-06,442.0,447.5,435.0,435.5,42156.925
610,2022-07-07,442.0,459.0,438.5,457.5,50984.11
611,2022-07-08,470.0,470.5,461.5,467.0,39134.398
612,2022-07-11,468.0,470.5,461.0,462.0,22930.675
613,2022-07-12,458.0,458.0,449.5,449.5,24155.935
614,2022-07-13,470.5,473.0,466.0,470.5,48134.139
615,2022-07-14,466.0,477.5,463.0,475.0,34014.188
616,2022-07-15,481.0,494.0,477.0,492.5,56039.339
617,2022-07-18,495.5,498.5,488.5,495.5,40797.601
618,2022-07-19,487.5,493.0,486.5,491.0,20554.247
619,2022-07-20,502.0,503.0,491.5,495.0,36862.724
620,2022-07-21,496.0,501.0,494.0,501.0,23893.063
621,2022-07-22,505.0,505.0,500.0,503.0,26904.474
622,2022-07-25,500.0,503.0,498.0,499.5,16803.972
623,2022-07-26,499.5,499.5,491.0,495.0,19524.143
624,2022-07-27,494.0,502.0,491.0,502.0,18411.136
625,2022-07-28,509.0,509.0,499.0,501.0,35020.547
626,2022-07-29,508.0,510.0,504.0,509.0,30632.627
627,2022-08-01,506.0,508.0,500.0,504.0,24991.291
628,2022-08-02,494.0,496.0,488.5,492.0,42669.591
629,2022-08-03,494.0,501.0,493.0,501.0,29838.832
630,2022-08-04,499.0,503.0,495.0,500.0,26589.086
631,2022-08-05,509.0,516.0,507.0,516.0,35052.642
632,2022-08-08,510.0,515.0,509.0,512.0,20568.971
633,2022-08-09,507.0,511.0,504.0,510.0,24370.709
634,2022-08-10,500.0,503.0,499.5,500.0,22112.239
635,2022-08-11,513.0,514.0,510.0,514.0,24906.177
636,2022-08-12,515.0,518.0,514.0,517.0,21343.45
637,2022-08-15,520.0,524.0,519.0,523.0,22519.886
638,2022-08-16,526.0,526.0,523.0,525.0,21234.122
639,2022-08-17,524.0,527.0,521.0,527.0,28461.939
640,2022-08-18,520.0,521.0,519.0,520.0,18721.898
641,2022-08-19,519.0,523.0,517.0,519.0,14235.983
642,2022-08-22,511.0,514.0,510.0,510.0,23175.82
643,2022-08-23,503.0,506.0,502.0,504.0,20997.847
644,2022-08-24,504.0,508.0,503.0,503.0,14995.494
645,2022-08-25,505.0,510.0,504.0,508.0,10254.367
646,2022-08-26,513.0,515.0,511.0,512.0,13268.148
647,2022-08-29,497.0,502.0,496.0,498.5,28217.313
648,2022-08-30,497.5,500.0,496.0,496.0,25699.463
649,2022-08-31,492.0,505.0,492.0,505.0,50999.514
650,2022-09-01,495.0,495.5,490.0,490.5,42008.49
651,2022-09-02,488.0,489.5,485.0,485.0,33877.655
652,2022-09-05,485.0,488.0,484.0,486.0,17327.72
653,2022-09-06,488.5,491.5,486.5,489.0,21197.718
654,2022-09-07,477.0,478.0,472.0,472.5,38168.331
655,2022-09-08,473.0,475.0,472.0,475.0,35355.467
656,2022-09-12,485.0,491.0,485.0,486.5,27181.969
657,2022-09-13,495.0,495.0,491.0,493.0,18916.557
658,2022-09-14,478.5,482.5,476.0,480.0,25046.11
659,2022-09-15,476.0,480.0,476.0,476.5,24272.164
660,2022-09-16,470.5,472.0,469.0,472.0,41889.816
661,2022-09-19,472.0,473.0,466.5,467.0,20724.347
662,2022-09-20,470.5,478.0,470.0,476.5,23269.759
663,2022-09-21,473.5,475.5,468.5,471.0,24686.05
664,2022-09-22,462.0,468.0,459.0,464.5,31417.685
665,2022-09-23,458.5,460.5,455.0,455.0,32804.066
666,2022-09-26,443.0,454.0,443.0,446.5,34856.957
667,2022-09-27,449.0,451.5,446.0,448.0,29570.005
668,2022-09-28,447.0,449.0,438.0,438.0,37827.459
669,2022-09-29,443.0,443.5,432.0,435.0,42884.163
670,2022-09-30,424.5,427.5,422.0,422.0,58366.82
671,2022-10-03,418.5,424.5,416.5,417.0,38354.967
672,2022-10-04,429.5,432.0,427.0,429.0,42455.417
673,2022-10-05,444.5,451.0,442.0,445.0,48321.335
674,2022-10-06,450.5,451.0,447.0,451.0,30750.331
675,2022-10-07,448.5,448.5,437.0,438.0,32872.044
676,2022-10-11,408.0,412.5,401.0,401.5,109842.903
677,2022-10-12,397.0,400.0,395.5,397.5,64138.351
678,2022-10-13,400.5,403.0,395.0,395.0,43158.592
679,2022-10-14,414.5,416.0,409.0,412.0,59841.064
680,2022-10-17,400.0,403.5,396.0,397.0,45038.159
681,2022-10-18,406.5,407.0,399.5,407.0,41304.834
682,2022-10-19,404.0,405.0,395.5,395.5,48655.069
683,2022-10-20,391.0,397.5,386.0,397.5,63202.035
684,2022-10-21,395.5,398.5,389.5,389.5,38968.511
685,2022-10-24,395.0,397.5,387.0,387.0,48691.083
686,2022-10-25,380.0,382.5,371.0,371.0,81173.913
687,2022-10-26,370.5,379.0,370.0,376.0,61440.878
688,2022-10-27,384.5,389.0,382.5,385.5,47160.778
689,2022-10-28,379.5,382.0,375.0,379.5,44691.746
690,2022-10-31,386.0,390.0,381.0,390.0,40598.928
691,2022-11-01,388.5,393.0,386.0,391.5,42123.141
692,2022-11-02,391.0,395.0,388.5,395.0,23169.428
693,2022-11-03,385.0,387.0,383.5,384.0,42092.776
694,2022-11-04,381.0,384.5,378.5,382.0,30839.846
695,2022-11-07,390.0,393.0,387.0,390.0,37704.746
696,2022-11-08,395.0,399.5,394.0,399.0,32576.136
697,2022-11-09,403.5,417.0,403.5,417.0,56357.663
698,2022-11-10,409.0,411.5,406.0,407.5,33671.621
699,2022-11-11,441.5,442.0,435.0,441.5,83770.04
700,2022-11-14,450.0,450.0,441.5,445.0,63282.094
701,2022-11-15,465.0,487.0,462.0,480.0,118536.865
702,2022-11-16,491.5,494.0,481.5,487.0,88416.393
703,2022-11-17,482.5,485.0,475.0,485.0,46850.915
704,2022-11-18,491.5,494.0,486.0,487.0,37001.332
705,2022-11-21,487.5,489.5,480.5,482.0,30609.465
706,2022-11-22,476.0,491.0,476.0,491.0,39329.44
707,2022-11-23,494.5,496.0,488.5,492.0,34752.559
708,2022-11-24,494.0,496.0,492.0,496.0,28477.359
709,2022-11-25,494.0,498.0,494.0,498.0,41461.805
710,2022-11-28,486.0,490.0,480.5,480.5,40815.045
711,2022-11-29,473.5,488.0,473.0,487.0,40266.315
712,2022-11-30,483.0,490.0,482.5,490.0,60728.041
713,2022-12-01,506.0,508.0,498.5,498.5,43684.491
714,2022-12-02,490.0,497.0,490.0,492.5,29909.021
715,2022-12-05,491.5,497.5,489.0,489.0,33048.153
716,2022-12-06,488.0,489.0,478.0,478.0,44964.237
717,2022-12-07,477.0,485.5,475.0,475.0,39978.821
718,2022-12-08,475.0,475.0,467.0,471.5,28348.573
719,2022-12-09,478.0,484.5,476.0,481.5,28903.86
720,2022-12-12,476.5,478.0,473.5,475.0,24064.002
721,2022-12-13,473.0,476.0,471.0,471.5,36028.109
722,2022-12-14,472.0,480.5,472.0,480.5,35263.781
723,2022-12-15,476.0,481.5,474.5,480.5,26001.756
724,2022-12-16,466.5,471.0,465.5,471.0,51707.693
725,2022-12-19,466.5,469.5,465.0,466.5,24231.653
726,2022-12-20,465.0,467.0,455.0,457.5,33181.363
727,2022-12-21,460.0,463.0,457.0,459.0,40831.313
728,2022-12-22,466.5,469.0,464.0,468.0,14519.582
729,2022-12-23,457.5,458.5,455.0,455.0,26724.153
730,2022-12-26,454.0,457.0,453.5,456.5,9152.79
731,2022-12-27,458.0,462.5,457.0,457.0,10486.219
732,2022-12-28,451.0,452.0,446.0,451.0,34823.492
733,2022-12-29,444.0,449.5,442.5,446.0,25596.357
734,2022-12-30,455.0,456.5,448.5,448.5,22297.604
